{
  "football": {
    "college": {
      "news": "http://site.api.espn.com/apis/site/v2/sports/football/college-football/news",
      "scores": "http://site.api.espn.com/apis/site/v2/sports/football/college-football/scoreboard",
      "game_info": "http://site.api.espn.com/apis/site/v2/sports/football/college-football/summary?event=:gameId",
      "team_info": "http://site.api.espn.com/apis/site/v2/sports/football/college-football/teams/:team",
      "rankings": "http://site.api.espn.com/apis/site/v2/sports/football/college-football/rankings",
      "params": {
        "calendar": "blacklist",
        "dates": "YYYYMMDD"
      }
    },
    "nfl": {
      "news": "http://site.api.espn.com/apis/site/v2/sports/football/nfl/news",
      "scores": "http://site.api.espn.com/apis/site/v2/sports/football/nfl/scoreboard",
      "all_teams": "http://site.api.espn.com/apis/site/v2/sports/football/nfl/teams",
      "team_info": "http://site.api.espn.com/apis/site/v2/sports/football/nfl/teams/:team"
    }
  },
  "baseball": {
    "mlb": {
      "news": "http://site.api.espn.com/apis/site/v2/sports/baseball/mlb/news",
      "scores": "http://site.api.espn.com/apis/site/v2/sports/baseball/mlb/scoreboard",
      "all_teams": "http://site.api.espn.com/apis/site/v2/sports/baseball/mlb/teams",
      "team_info": "http://site.api.espn.com/apis/site/v2/sports/baseball/mlb/teams/:team"
    },
    "college": {
      "scores": "https://site.api.espn.com/apis/site/v2/sports/baseball/college-baseball/scoreboard"
    }
  },
  "hockey": {
    "nhl": {
      "news": "http://site.api.espn.com/apis/site/v2/sports/hockey/nhl/news",
      "scores": "http://site.api.espn.com/apis/site/v2/sports/hockey/nhl/scoreboard",
      "all_teams": "http://site.api.espn.com/apis/site/v2/sports/hockey/nhl/teams",
      "team_info": "http://site.api.espn.com/apis/site/v2/sports/hockey/nhl/teams/:team"
    }
  },
  "basketball": {
    "nba": {
      "news": "http://site.api.espn.com/apis/site/v2/sports/basketball/nba/news",
      "scores": "http://site.api.espn.com/apis/site/v2/sports/basketball/nba/scoreboard",
      "all_teams": "http://site.api.espn.com/apis/site/v2/sports/basketball/nba/teams",
      "team_info": "http://site.api.espn.com/apis/site/v2/sports/basketball/nba/teams/:team"
    },
    "wnba": {
      "news": "http://site.api.espn.com/apis/site/v2/sports/basketball/wnba/news",
      "scores": "http://site.api.espn.com/apis/site/v2/sports/basketball/wnba/scoreboard",
      "all_teams": "http://site.api.espn.com/apis/site/v2/sports/basketball/wnba/teams",
      "team_info": "http://site.api.espn.com/apis/site/v2/sports/basketball/wnba/teams/:team"
    },
    "mens_college": {
      "news": "http://site.api.espn.com/apis/site/v2/sports/basketball/mens-college-basketball/news",
      "scores": "http://site.api.espn.com/apis/site/v2/sports/basketball/mens-college-basketball/scoreboard",
      "all_teams": "http://site.api.espn.com/apis/site/v2/sports/basketball/mens-college-basketball/teams",
      "team_info": "http://site.api.espn.com/apis/site/v2/sports/basketball/mens-college-basketball/teams/:team"
    },
    "womens_college": {
      "news": "http://site.api.espn.com/apis/site/v2/sports/basketball/womens-college-basketball/news",
      "scores": "http://site.api.espn.com/apis/site/v2/sports/basketball/womens-college-basketball/scoreboard",
      "all_teams": "http://site.api.espn.com/apis/site/v2/sports/basketball/womens-college-basketball/teams",
      "team_info": "http://site.api.espn.com/apis/site/v2/sports/basketball/womens-college-basketball/teams/:team"
    }
  },
  "soccer": {
    "leagues": {
      "scores": "http://site.api.espn.com/apis/site/v2/sports/soccer/:league/scoreboard",
      "news": "http://site.api.espn.com/apis/site/v2/sports/soccer/:league/news",
      "teams": "http://site.api.espn.com/apis/site/v2/sports/soccer/:league/teams"
    }
  }
}